subject_id,recording_id,epoch_index,onset_sec,duration_sec,target,prediction,target_stage,prediction_stage
13,1,0,0.0,30.0,0,0,W,W
13,1,1,30.0,30.0,0,0,W,W
13,1,2,60.0,30.0,0,0,W,W
13,1,3,90.0,30.0,0,0,W,W
13,1,4,120.0,30.0,0,0,W,W
13,1,5,150.0,30.0,0,0,W,W
13,1,6,180.0,30.0,0,0,W,W
13,1,7,210.0,30.0,0,0,W,W
13,1,8,240.0,30.0,0,0,W,W
13,1,9,270.0,30.0,0,0,W,W
13,1,10,300.0,30.0,0,0,W,W
13,1,11,330.0,30.0,0,0,W,W
13,1,12,360.0,30.0,0,0,W,W
13,1,13,390.0,30.0,0,0,W,W
13,1,14,420.0,30.0,0,0,W,W
13,1,15,450.0,30.0,0,0,W,W
13,1,16,480.0,30.0,0,0,W,W
13,1,17,510.0,30.0,0,0,W,W
13,1,18,540.0,30.0,0,0,W,W
13,1,19,570.0,30.0,0,0,W,W
13,1,20,600.0,30.0,0,0,W,W
13,1,21,630.0,30.0,0,0,W,W
13,1,22,660.0,30.0,0,0,W,W
13,1,23,690.0,30.0,0,0,W,W
13,1,24,720.0,30.0,0,0,W,W
13,1,25,750.0,30.0,0,0,W,W
13,1,26,780.0,30.0,0,0,W,W
13,1,27,810.0,30.0,0,0,W,W
13,1,28,840.0,30.0,0,0,W,W
13,1,29,870.0,30.0,0,0,W,W
13,1,30,900.0,30.0,0,0,W,W
13,1,31,930.0,30.0,0,0,W,W
13,1,32,960.0,30.0,0,0,W,W
13,1,33,990.0,30.0,0,0,W,W
13,1,34,1020.0,30.0,0,0,W,W
13,1,35,1050.0,30.0,0,0,W,W
13,1,36,1080.0,30.0,0,0,W,W
13,1,37,1110.0,30.0,0,0,W,W
13,1,38,1140.0,30.0,0,0,W,W
13,1,39,1170.0,30.0,0,0,W,W
13,1,40,1200.0,30.0,0,0,W,W
13,1,41,1230.0,30.0,0,0,W,W
13,1,42,1260.0,30.0,0,0,W,W
13,1,43,1290.0,30.0,0,0,W,W
13,1,44,1320.0,30.0,0,0,W,W
13,1,45,1350.0,30.0,0,0,W,W
13,1,46,1380.0,30.0,0,0,W,W
13,1,47,1410.0,30.0,0,0,W,W
13,1,48,1440.0,30.0,0,0,W,W
13,1,49,1470.0,30.0,0,0,W,W
13,1,50,1500.0,30.0,0,0,W,W
13,1,51,1530.0,30.0,0,0,W,W
13,1,52,1560.0,30.0,0,0,W,W
13,1,53,1590.0,30.0,0,0,W,W
13,1,54,1620.0,30.0,0,0,W,W
13,1,55,1650.0,30.0,0,0,W,W
13,1,56,1680.0,30.0,0,0,W,W
13,1,57,1710.0,30.0,0,0,W,W
13,1,58,1740.0,30.0,0,1,W,N1
13,1,59,1770.0,30.0,0,1,W,N1
13,1,60,1800.0,30.0,1,1,N1,N1
13,1,61,1830.0,30.0,1,1,N1,N1
13,1,62,1860.0,30.0,1,1,N1,N1
13,1,63,1890.0,30.0,1,1,N1,N1
13,1,64,1920.0,30.0,1,1,N1,N1
13,1,65,1950.0,30.0,0,1,W,N1
13,1,66,1980.0,30.0,0,1,W,N1
13,1,67,2010.0,30.0,0,4,W,REM
13,1,68,2040.0,30.0,1,1,N1,N1
13,1,69,2070.0,30.0,1,1,N1,N1
13,1,70,2100.0,30.0,1,1,N1,N1
13,1,71,2130.0,30.0,1,1,N1,N1
13,1,72,2160.0,30.0,1,1,N1,N1
13,1,73,2190.0,30.0,1,1,N1,N1
13,1,74,2220.0,30.0,1,1,N1,N1
13,1,75,2250.0,30.0,2,4,N2,REM
13,1,76,2280.0,30.0,2,1,N2,N1
13,1,77,2310.0,30.0,2,1,N2,N1
13,1,78,2340.0,30.0,2,1,N2,N1
13,1,79,2370.0,30.0,2,1,N2,N1
13,1,80,2400.0,30.0,1,1,N1,N1
13,1,81,2430.0,30.0,1,4,N1,REM
13,1,82,2460.0,30.0,1,1,N1,N1
13,1,83,2490.0,30.0,1,1,N1,N1
13,1,84,2520.0,30.0,2,4,N2,REM
13,1,85,2550.0,30.0,2,4,N2,REM
13,1,86,2580.0,30.0,2,1,N2,N1
13,1,87,2610.0,30.0,2,1,N2,N1
13,1,88,2640.0,30.0,2,1,N2,N1
13,1,89,2670.0,30.0,2,1,N2,N1
13,1,90,2700.0,30.0,2,1,N2,N1
13,1,91,2730.0,30.0,2,1,N2,N1
13,1,92,2760.0,30.0,2,1,N2,N1
13,1,93,2790.0,30.0,2,2,N2,N2
13,1,94,2820.0,30.0,2,2,N2,N2
13,1,95,2850.0,30.0,2,2,N2,N2
13,1,96,2880.0,30.0,2,2,N2,N2
13,1,97,2910.0,30.0,2,2,N2,N2
13,1,98,2940.0,30.0,2,2,N2,N2
13,1,99,2970.0,30.0,2,2,N2,N2
13,1,100,3000.0,30.0,2,2,N2,N2
13,1,101,3030.0,30.0,2,1,N2,N1
13,1,102,3060.0,30.0,2,2,N2,N2
13,1,103,3090.0,30.0,2,2,N2,N2
13,1,104,3120.0,30.0,2,2,N2,N2
13,1,105,3150.0,30.0,2,2,N2,N2
13,1,106,3180.0,30.0,2,2,N2,N2
13,1,107,3210.0,30.0,2,2,N2,N2
13,1,108,3240.0,30.0,2,2,N2,N2
13,1,109,3270.0,30.0,2,2,N2,N2
13,1,110,3300.0,30.0,2,2,N2,N2
13,1,111,3330.0,30.0,2,2,N2,N2
13,1,112,3360.0,30.0,2,2,N2,N2
13,1,113,3390.0,30.0,2,2,N2,N2
13,1,114,3420.0,30.0,2,3,N2,N3
13,1,115,3450.0,30.0,2,2,N2,N2
13,1,116,3480.0,30.0,2,3,N2,N3
13,1,117,3510.0,30.0,2,2,N2,N2
13,1,118,3540.0,30.0,2,3,N2,N3
13,1,119,3570.0,30.0,2,3,N2,N3
13,1,120,3600.0,30.0,2,3,N2,N3
13,1,121,3630.0,30.0,2,2,N2,N2
13,1,122,3660.0,30.0,2,3,N2,N3
13,1,123,3690.0,30.0,2,3,N2,N3
13,1,124,3720.0,30.0,3,3,N3,N3
13,1,125,3750.0,30.0,3,3,N3,N3
13,1,126,3780.0,30.0,3,3,N3,N3
13,1,127,3810.0,30.0,3,3,N3,N3
13,1,128,3840.0,30.0,3,3,N3,N3
13,1,129,3870.0,30.0,3,3,N3,N3
13,1,130,3900.0,30.0,3,3,N3,N3
13,1,131,3930.0,30.0,3,3,N3,N3
13,1,132,3960.0,30.0,2,3,N2,N3
13,1,133,3990.0,30.0,3,3,N3,N3
13,1,134,4020.0,30.0,3,3,N3,N3
13,1,135,4050.0,30.0,3,3,N3,N3
13,1,136,4080.0,30.0,3,3,N3,N3
13,1,137,4110.0,30.0,3,3,N3,N3
13,1,138,4140.0,30.0,3,3,N3,N3
13,1,139,4170.0,30.0,3,3,N3,N3
13,1,140,4200.0,30.0,3,3,N3,N3
13,1,141,4230.0,30.0,3,3,N3,N3
13,1,142,4260.0,30.0,3,3,N3,N3
13,1,143,4290.0,30.0,3,3,N3,N3
13,1,144,4320.0,30.0,0,2,W,N2
13,1,145,4350.0,30.0,2,1,N2,N1
13,1,146,4380.0,30.0,2,1,N2,N1
13,1,147,4410.0,30.0,2,4,N2,REM
13,1,148,4440.0,30.0,2,1,N2,N1
13,1,149,4470.0,30.0,2,2,N2,N2
13,1,150,4500.0,30.0,2,2,N2,N2
13,1,151,4530.0,30.0,2,4,N2,REM
13,1,152,4560.0,30.0,2,1,N2,N1
13,1,153,4590.0,30.0,2,1,N2,N1
13,1,154,4620.0,30.0,2,1,N2,N1
13,1,155,4650.0,30.0,2,4,N2,REM
13,1,156,4680.0,30.0,2,1,N2,N1
13,1,157,4710.0,30.0,2,1,N2,N1
13,1,158,4740.0,30.0,2,1,N2,N1
13,1,159,4770.0,30.0,2,1,N2,N1
13,1,160,4800.0,30.0,1,4,N1,REM
13,1,161,4830.0,30.0,2,2,N2,N2
13,1,162,4860.0,30.0,2,2,N2,N2
13,1,163,4890.0,30.0,2,2,N2,N2
13,1,164,4920.0,30.0,2,2,N2,N2
13,1,165,4950.0,30.0,2,1,N2,N1
13,1,166,4980.0,30.0,2,1,N2,N1
13,1,167,5010.0,30.0,1,1,N1,N1
13,1,168,5040.0,30.0,1,1,N1,N1
13,1,169,5070.0,30.0,1,1,N1,N1
13,1,170,5100.0,30.0,1,4,N1,REM
13,1,171,5130.0,30.0,1,1,N1,N1
13,1,172,5160.0,30.0,1,1,N1,N1
13,1,173,5190.0,30.0,1,1,N1,N1
13,1,174,5220.0,30.0,0,0,W,W
13,1,175,5250.0,30.0,1,1,N1,N1
13,1,176,5280.0,30.0,1,4,N1,REM
13,1,177,5310.0,30.0,2,1,N2,N1
13,1,178,5340.0,30.0,1,1,N1,N1
13,1,179,5370.0,30.0,1,4,N1,REM
13,1,180,5400.0,30.0,2,4,N2,REM
13,1,181,5430.0,30.0,2,1,N2,N1
13,1,182,5460.0,30.0,2,1,N2,N1
13,1,183,5490.0,30.0,2,2,N2,N2
13,1,184,5520.0,30.0,2,1,N2,N1
13,1,185,5550.0,30.0,2,1,N2,N1
13,1,186,5580.0,30.0,2,1,N2,N1
13,1,187,5610.0,30.0,2,2,N2,N2
13,1,188,5640.0,30.0,2,2,N2,N2
13,1,189,5670.0,30.0,2,2,N2,N2
13,1,190,5700.0,30.0,2,2,N2,N2
13,1,191,5730.0,30.0,2,2,N2,N2
13,1,192,5760.0,30.0,2,2,N2,N2
13,1,193,5790.0,30.0,2,2,N2,N2
13,1,194,5820.0,30.0,2,2,N2,N2
13,1,195,5850.0,30.0,2,2,N2,N2
13,1,196,5880.0,30.0,2,2,N2,N2
13,1,197,5910.0,30.0,1,1,N1,N1
13,1,198,5940.0,30.0,1,0,N1,W
13,1,199,5970.0,30.0,1,1,N1,N1
13,1,200,6000.0,30.0,2,2,N2,N2
13,1,201,6030.0,30.0,2,2,N2,N2
13,1,202,6060.0,30.0,2,2,N2,N2
13,1,203,6090.0,30.0,2,2,N2,N2
13,1,204,6120.0,30.0,2,2,N2,N2
13,1,205,6150.0,30.0,2,2,N2,N2
13,1,206,6180.0,30.0,2,2,N2,N2
13,1,207,6210.0,30.0,2,2,N2,N2
13,1,208,6240.0,30.0,2,2,N2,N2
13,1,209,6270.0,30.0,2,2,N2,N2
13,1,210,6300.0,30.0,2,2,N2,N2
13,1,211,6330.0,30.0,2,2,N2,N2
13,1,212,6360.0,30.0,2,2,N2,N2
13,1,213,6390.0,30.0,2,2,N2,N2
13,1,214,6420.0,30.0,2,2,N2,N2
13,1,215,6450.0,30.0,2,2,N2,N2
13,1,216,6480.0,30.0,2,2,N2,N2
13,1,217,6510.0,30.0,2,2,N2,N2
13,1,218,6540.0,30.0,2,2,N2,N2
13,1,219,6570.0,30.0,2,2,N2,N2
13,1,220,6600.0,30.0,2,2,N2,N2
13,1,221,6630.0,30.0,2,2,N2,N2
13,1,222,6660.0,30.0,2,2,N2,N2
13,1,223,6690.0,30.0,2,2,N2,N2
13,1,224,6720.0,30.0,2,2,N2,N2
13,1,225,6750.0,30.0,2,2,N2,N2
13,1,226,6780.0,30.0,2,2,N2,N2
13,1,227,6810.0,30.0,2,2,N2,N2
13,1,228,6840.0,30.0,3,3,N3,N3
13,1,229,6870.0,30.0,2,2,N2,N2
13,1,230,6900.0,30.0,2,3,N2,N3
13,1,231,6930.0,30.0,2,3,N2,N3
13,1,232,6960.0,30.0,3,3,N3,N3
13,1,233,6990.0,30.0,3,3,N3,N3
13,1,234,7020.0,30.0,3,3,N3,N3
13,1,235,7050.0,30.0,3,3,N3,N3
13,1,236,7080.0,30.0,3,3,N3,N3
13,1,237,7110.0,30.0,3,3,N3,N3
13,1,238,7140.0,30.0,3,3,N3,N3
13,1,239,7170.0,30.0,3,3,N3,N3
13,1,240,7200.0,30.0,3,3,N3,N3
13,1,241,7230.0,30.0,3,3,N3,N3
13,1,242,7260.0,30.0,3,3,N3,N3
13,1,243,7290.0,30.0,3,3,N3,N3
13,1,244,7320.0,30.0,3,3,N3,N3
13,1,245,7350.0,30.0,3,3,N3,N3
13,1,246,7380.0,30.0,3,3,N3,N3
13,1,247,7410.0,30.0,3,3,N3,N3
13,1,248,7440.0,30.0,3,3,N3,N3
13,1,249,7470.0,30.0,3,3,N3,N3
13,1,250,7500.0,30.0,3,3,N3,N3
13,1,251,7530.0,30.0,3,3,N3,N3
13,1,252,7560.0,30.0,3,3,N3,N3
13,1,253,7590.0,30.0,3,3,N3,N3
13,1,254,7620.0,30.0,3,3,N3,N3
13,1,255,7650.0,30.0,3,3,N3,N3
13,1,256,7680.0,30.0,3,3,N3,N3
13,1,257,7710.0,30.0,3,3,N3,N3
13,1,258,7740.0,30.0,3,3,N3,N3
13,1,259,7770.0,30.0,3,3,N3,N3
13,1,260,7800.0,30.0,3,3,N3,N3
13,1,261,7830.0,30.0,3,3,N3,N3
13,1,262,7860.0,30.0,3,3,N3,N3
13,1,263,7890.0,30.0,3,3,N3,N3
13,1,264,7920.0,30.0,3,3,N3,N3
13,1,265,7950.0,30.0,3,3,N3,N3
13,1,266,7980.0,30.0,3,3,N3,N3
13,1,267,8010.0,30.0,3,3,N3,N3
13,1,268,8040.0,30.0,3,3,N3,N3
13,1,269,8070.0,30.0,3,3,N3,N3
13,1,270,8100.0,30.0,3,3,N3,N3
13,1,271,8130.0,30.0,3,3,N3,N3
13,1,272,8160.0,30.0,3,3,N3,N3
13,1,273,8190.0,30.0,3,3,N3,N3
13,1,274,8220.0,30.0,3,3,N3,N3
13,1,275,8250.0,30.0,3,3,N3,N3
13,1,276,8280.0,30.0,3,3,N3,N3
13,1,277,8310.0,30.0,3,3,N3,N3
13,1,278,8340.0,30.0,3,3,N3,N3
13,1,279,8370.0,30.0,3,3,N3,N3
13,1,280,8400.0,30.0,3,3,N3,N3
13,1,281,8430.0,30.0,3,3,N3,N3
13,1,282,8460.0,30.0,3,3,N3,N3
13,1,283,8490.0,30.0,3,3,N3,N3
13,1,284,8520.0,30.0,3,3,N3,N3
13,1,285,8550.0,30.0,3,3,N3,N3
13,1,286,8580.0,30.0,3,3,N3,N3
13,1,287,8610.0,30.0,3,3,N3,N3
13,1,288,8640.0,30.0,3,3,N3,N3
13,1,289,8670.0,30.0,3,3,N3,N3
13,1,290,8700.0,30.0,3,3,N3,N3
13,1,291,8730.0,30.0,3,3,N3,N3
13,1,292,8760.0,30.0,3,3,N3,N3
13,1,293,8790.0,30.0,3,3,N3,N3
13,1,294,8820.0,30.0,3,3,N3,N3
13,1,295,8850.0,30.0,3,3,N3,N3
13,1,296,8880.0,30.0,3,3,N3,N3
13,1,297,8910.0,30.0,3,3,N3,N3
13,1,298,8940.0,30.0,3,3,N3,N3
13,1,299,8970.0,30.0,3,3,N3,N3
13,1,300,9000.0,30.0,3,3,N3,N3
13,1,301,9030.0,30.0,3,3,N3,N3
13,1,302,9060.0,30.0,3,3,N3,N3
13,1,303,9090.0,30.0,3,3,N3,N3
13,1,304,9120.0,30.0,3,3,N3,N3
13,1,305,9150.0,30.0,3,3,N3,N3
13,1,306,9180.0,30.0,3,3,N3,N3
13,1,307,9210.0,30.0,3,3,N3,N3
13,1,308,9240.0,30.0,3,3,N3,N3
13,1,309,9270.0,30.0,3,3,N3,N3
13,1,310,9300.0,30.0,3,3,N3,N3
13,1,311,9330.0,30.0,3,3,N3,N3
13,1,312,9360.0,30.0,3,3,N3,N3
13,1,313,9390.0,30.0,3,3,N3,N3
13,1,314,9420.0,30.0,3,3,N3,N3
13,1,315,9450.0,30.0,3,3,N3,N3
13,1,316,9480.0,30.0,3,3,N3,N3
13,1,317,9510.0,30.0,3,3,N3,N3
13,1,318,9540.0,30.0,3,3,N3,N3
13,1,319,9570.0,30.0,3,3,N3,N3
13,1,320,9600.0,30.0,3,3,N3,N3
13,1,321,9630.0,30.0,3,3,N3,N3
13,1,322,9660.0,30.0,3,3,N3,N3
13,1,323,9690.0,30.0,3,3,N3,N3
13,1,324,9720.0,30.0,3,3,N3,N3
13,1,325,9750.0,30.0,3,3,N3,N3
13,1,326,9780.0,30.0,3,3,N3,N3
13,1,327,9810.0,30.0,3,3,N3,N3
13,1,328,9840.0,30.0,3,3,N3,N3
13,1,329,9870.0,30.0,3,3,N3,N3
13,1,330,9900.0,30.0,3,3,N3,N3
13,1,331,9930.0,30.0,3,3,N3,N3
13,1,332,9960.0,30.0,3,3,N3,N3
13,1,333,9990.0,30.0,3,3,N3,N3
13,1,334,10020.0,30.0,3,3,N3,N3
13,1,335,10050.0,30.0,3,3,N3,N3
13,1,336,10080.0,30.0,3,3,N3,N3
13,1,337,10110.0,30.0,3,3,N3,N3
13,1,338,10140.0,30.0,3,3,N3,N3
13,1,339,10170.0,30.0,3,3,N3,N3
13,1,340,10200.0,30.0,3,3,N3,N3
13,1,341,10230.0,30.0,3,3,N3,N3
13,1,342,10260.0,30.0,3,3,N3,N3
13,1,343,10290.0,30.0,3,3,N3,N3
13,1,344,10320.0,30.0,3,3,N3,N3
13,1,345,10350.0,30.0,3,3,N3,N3
13,1,346,10380.0,30.0,3,3,N3,N3
13,1,347,10410.0,30.0,3,3,N3,N3
13,1,348,10440.0,30.0,3,3,N3,N3
13,1,349,10470.0,30.0,0,3,W,N3
13,1,350,10500.0,30.0,0,4,W,REM
13,1,351,10530.0,30.0,2,2,N2,N2
13,1,352,10560.0,30.0,2,2,N2,N2
13,1,353,10590.0,30.0,2,1,N2,N1
13,1,354,10620.0,30.0,2,2,N2,N2
13,1,355,10650.0,30.0,2,1,N2,N1
13,1,356,10680.0,30.0,2,2,N2,N2
13,1,357,10710.0,30.0,2,1,N2,N1
13,1,358,10740.0,30.0,2,1,N2,N1
13,1,359,10770.0,30.0,2,2,N2,N2
13,1,360,10800.0,30.0,2,2,N2,N2
13,1,361,10830.0,30.0,2,1,N2,N1
13,1,362,10860.0,30.0,2,2,N2,N2
13,1,363,10890.0,30.0,2,2,N2,N2
13,1,364,10920.0,30.0,0,1,W,N1
13,1,365,10950.0,30.0,2,1,N2,N1
13,1,366,10980.0,30.0,2,1,N2,N1
13,1,367,11010.0,30.0,2,2,N2,N2
13,1,368,11040.0,30.0,2,2,N2,N2
13,1,369,11070.0,30.0,2,2,N2,N2
13,1,370,11100.0,30.0,2,1,N2,N1
13,1,371,11130.0,30.0,0,1,W,N1
13,1,372,11160.0,30.0,1,1,N1,N1
13,1,373,11190.0,30.0,2,2,N2,N2
13,1,374,11220.0,30.0,4,4,REM,REM
13,1,375,11250.0,30.0,4,4,REM,REM
13,1,376,11280.0,30.0,4,4,REM,REM
13,1,377,11310.0,30.0,4,4,REM,REM
13,1,378,11340.0,30.0,4,4,REM,REM
13,1,379,11370.0,30.0,1,1,N1,N1
13,1,380,11400.0,30.0,4,4,REM,REM
13,1,381,11430.0,30.0,4,4,REM,REM
13,1,382,11460.0,30.0,4,4,REM,REM
13,1,383,11490.0,30.0,4,4,REM,REM
13,1,384,11520.0,30.0,4,4,REM,REM
13,1,385,11550.0,30.0,4,4,REM,REM
13,1,386,11580.0,30.0,4,4,REM,REM
13,1,387,11610.0,30.0,4,4,REM,REM
13,1,388,11640.0,30.0,4,4,REM,REM
13,1,389,11670.0,30.0,4,4,REM,REM
13,1,390,11700.0,30.0,4,4,REM,REM
13,1,391,11730.0,30.0,4,4,REM,REM
13,1,392,11760.0,30.0,4,4,REM,REM
13,1,393,11790.0,30.0,4,4,REM,REM
13,1,394,11820.0,30.0,4,4,REM,REM
13,1,395,11850.0,30.0,4,4,REM,REM
13,1,396,11880.0,30.0,4,4,REM,REM
13,1,397,11910.0,30.0,4,4,REM,REM
13,1,398,11940.0,30.0,4,4,REM,REM
13,1,399,11970.0,30.0,4,4,REM,REM
13,1,400,12000.0,30.0,4,4,REM,REM
13,1,401,12030.0,30.0,4,4,REM,REM
13,1,402,12060.0,30.0,4,4,REM,REM
13,1,403,12090.0,30.0,4,4,REM,REM
13,1,404,12120.0,30.0,4,4,REM,REM
13,1,405,12150.0,30.0,4,4,REM,REM
13,1,406,12180.0,30.0,4,4,REM,REM
13,1,407,12210.0,30.0,4,4,REM,REM
13,1,408,12240.0,30.0,4,4,REM,REM
13,1,409,12270.0,30.0,4,4,REM,REM
13,1,410,12300.0,30.0,4,4,REM,REM
13,1,411,12330.0,30.0,4,4,REM,REM
13,1,412,12360.0,30.0,4,4,REM,REM
13,1,413,12390.0,30.0,4,4,REM,REM
13,1,414,12420.0,30.0,1,1,N1,N1
13,1,415,12450.0,30.0,2,4,N2,REM
13,1,416,12480.0,30.0,2,4,N2,REM
13,1,417,12510.0,30.0,2,4,N2,REM
13,1,418,12540.0,30.0,4,4,REM,REM
13,1,419,12570.0,30.0,4,4,REM,REM
13,1,420,12600.0,30.0,4,4,REM,REM
13,1,421,12630.0,30.0,4,4,REM,REM
13,1,422,12660.0,30.0,4,2,REM,N2
13,1,423,12690.0,30.0,4,4,REM,REM
13,1,424,12720.0,30.0,4,4,REM,REM
13,1,425,12750.0,30.0,4,4,REM,REM
13,1,426,12780.0,30.0,4,4,REM,REM
13,1,427,12810.0,30.0,4,1,REM,N1
13,1,428,12840.0,30.0,4,4,REM,REM
13,1,429,12870.0,30.0,4,4,REM,REM
13,1,430,12900.0,30.0,4,4,REM,REM
13,1,431,12930.0,30.0,4,4,REM,REM
13,1,432,12960.0,30.0,4,4,REM,REM
13,1,433,12990.0,30.0,4,4,REM,REM
13,1,434,13020.0,30.0,4,4,REM,REM
13,1,435,13050.0,30.0,4,4,REM,REM
13,1,436,13080.0,30.0,4,4,REM,REM
13,1,437,13110.0,30.0,4,4,REM,REM
13,1,438,13140.0,30.0,4,4,REM,REM
13,1,439,13170.0,30.0,4,4,REM,REM
13,1,440,13200.0,30.0,4,4,REM,REM
13,1,441,13230.0,30.0,4,4,REM,REM
13,1,442,13260.0,30.0,4,4,REM,REM
13,1,443,13290.0,30.0,4,4,REM,REM
13,1,444,13320.0,30.0,4,4,REM,REM
13,1,445,13350.0,30.0,4,4,REM,REM
13,1,446,13380.0,30.0,2,1,N2,N1
13,1,447,13410.0,30.0,2,4,N2,REM
13,1,448,13440.0,30.0,2,4,N2,REM
13,1,449,13470.0,30.0,4,4,REM,REM
13,1,450,13500.0,30.0,4,4,REM,REM
13,1,451,13530.0,30.0,4,4,REM,REM
13,1,452,13560.0,30.0,2,4,N2,REM
13,1,453,13590.0,30.0,0,4,W,REM
13,1,454,13620.0,30.0,1,1,N1,N1
13,1,455,13650.0,30.0,4,4,REM,REM
13,1,456,13680.0,30.0,4,4,REM,REM
13,1,457,13710.0,30.0,4,4,REM,REM
13,1,458,13740.0,30.0,4,4,REM,REM
13,1,459,13770.0,30.0,4,4,REM,REM
13,1,460,13800.0,30.0,4,4,REM,REM
13,1,461,13830.0,30.0,4,4,REM,REM
13,1,462,13860.0,30.0,4,4,REM,REM
13,1,463,13890.0,30.0,4,1,REM,N1
13,1,464,13920.0,30.0,4,4,REM,REM
13,1,465,13950.0,30.0,4,2,REM,N2
13,1,466,13980.0,30.0,2,2,N2,N2
13,1,467,14010.0,30.0,2,2,N2,N2
13,1,468,14040.0,30.0,2,2,N2,N2
13,1,469,14070.0,30.0,2,2,N2,N2
13,1,470,14100.0,30.0,2,2,N2,N2
13,1,471,14130.0,30.0,2,2,N2,N2
13,1,472,14160.0,30.0,2,2,N2,N2
13,1,473,14190.0,30.0,2,2,N2,N2
13,1,474,14220.0,30.0,2,2,N2,N2
13,1,475,14250.0,30.0,2,2,N2,N2
13,1,476,14280.0,30.0,2,2,N2,N2
13,1,477,14310.0,30.0,2,4,N2,REM
13,1,478,14340.0,30.0,1,1,N1,N1
13,1,479,14370.0,30.0,1,2,N1,N2
13,1,480,14400.0,30.0,1,2,N1,N2
13,1,481,14430.0,30.0,2,2,N2,N2
13,1,482,14460.0,30.0,2,2,N2,N2
13,1,483,14490.0,30.0,2,2,N2,N2
13,1,484,14520.0,30.0,2,2,N2,N2
13,1,485,14550.0,30.0,2,2,N2,N2
13,1,486,14580.0,30.0,2,2,N2,N2
13,1,487,14610.0,30.0,2,2,N2,N2
13,1,488,14640.0,30.0,2,2,N2,N2
13,1,489,14670.0,30.0,2,2,N2,N2
13,1,490,14700.0,30.0,2,2,N2,N2
13,1,491,14730.0,30.0,2,2,N2,N2
13,1,492,14760.0,30.0,2,2,N2,N2
13,1,493,14790.0,30.0,1,2,N1,N2
13,1,494,14820.0,30.0,2,2,N2,N2
13,1,495,14850.0,30.0,2,2,N2,N2
13,1,496,14880.0,30.0,2,2,N2,N2
13,1,497,14910.0,30.0,2,2,N2,N2
13,1,498,14940.0,30.0,2,2,N2,N2
13,1,499,14970.0,30.0,2,2,N2,N2
13,1,500,15000.0,30.0,2,2,N2,N2
13,1,501,15030.0,30.0,2,2,N2,N2
13,1,502,15060.0,30.0,2,2,N2,N2
13,1,503,15090.0,30.0,2,2,N2,N2
13,1,504,15120.0,30.0,2,2,N2,N2
13,1,505,15150.0,30.0,2,2,N2,N2
13,1,506,15180.0,30.0,2,2,N2,N2
13,1,507,15210.0,30.0,2,2,N2,N2
13,1,508,15240.0,30.0,2,2,N2,N2
13,1,509,15270.0,30.0,2,2,N2,N2
13,1,510,15300.0,30.0,2,2,N2,N2
13,1,511,15330.0,30.0,2,2,N2,N2
13,1,512,15360.0,30.0,2,2,N2,N2
13,1,513,15390.0,30.0,2,2,N2,N2
13,1,514,15420.0,30.0,2,2,N2,N2
13,1,515,15450.0,30.0,2,2,N2,N2
13,1,516,15480.0,30.0,2,2,N2,N2
13,1,517,15510.0,30.0,2,2,N2,N2
13,1,518,15540.0,30.0,2,2,N2,N2
13,1,519,15570.0,30.0,2,2,N2,N2
13,1,520,15600.0,30.0,2,2,N2,N2
13,1,521,15630.0,30.0,2,2,N2,N2
13,1,522,15660.0,30.0,2,2,N2,N2
13,1,523,15690.0,30.0,2,2,N2,N2
13,1,524,15720.0,30.0,2,2,N2,N2
13,1,525,15750.0,30.0,2,2,N2,N2
13,1,526,15780.0,30.0,2,2,N2,N2
13,1,527,15810.0,30.0,2,2,N2,N2
13,1,528,15840.0,30.0,2,2,N2,N2
13,1,529,15870.0,30.0,2,2,N2,N2
13,1,530,15900.0,30.0,2,2,N2,N2
13,1,531,15930.0,30.0,2,2,N2,N2
13,1,532,15960.0,30.0,2,2,N2,N2
13,1,533,15990.0,30.0,2,2,N2,N2
13,1,534,16020.0,30.0,2,2,N2,N2
13,1,535,16050.0,30.0,2,2,N2,N2
13,1,536,16080.0,30.0,2,2,N2,N2
13,1,537,16110.0,30.0,2,2,N2,N2
13,1,538,16140.0,30.0,2,2,N2,N2
13,1,539,16170.0,30.0,2,2,N2,N2
13,1,540,16200.0,30.0,2,2,N2,N2
13,1,541,16230.0,30.0,2,2,N2,N2
13,1,542,16260.0,30.0,2,2,N2,N2
13,1,543,16290.0,30.0,2,2,N2,N2
13,1,544,16320.0,30.0,2,2,N2,N2
13,1,545,16350.0,30.0,2,2,N2,N2
13,1,546,16380.0,30.0,2,2,N2,N2
13,1,547,16410.0,30.0,2,2,N2,N2
13,1,548,16440.0,30.0,2,2,N2,N2
13,1,549,16470.0,30.0,2,2,N2,N2
13,1,550,16500.0,30.0,2,2,N2,N2
13,1,551,16530.0,30.0,2,2,N2,N2
13,1,552,16560.0,30.0,2,2,N2,N2
13,1,553,16590.0,30.0,2,2,N2,N2
13,1,554,16620.0,30.0,2,2,N2,N2
13,1,555,16650.0,30.0,0,2,W,N2
13,1,556,16680.0,30.0,2,2,N2,N2
13,1,557,16710.0,30.0,0,1,W,N1
13,1,558,16740.0,30.0,0,1,W,N1
13,1,559,16770.0,30.0,0,1,W,N1
13,1,560,16800.0,30.0,2,1,N2,N1
13,1,561,16830.0,30.0,2,1,N2,N1
13,1,562,16860.0,30.0,1,1,N1,N1
13,1,563,16890.0,30.0,2,1,N2,N1
13,1,564,16920.0,30.0,2,1,N2,N1
13,1,565,16950.0,30.0,2,2,N2,N2
13,1,566,16980.0,30.0,2,1,N2,N1
13,1,567,17010.0,30.0,0,0,W,W
13,1,568,17040.0,30.0,0,0,W,W
13,1,569,17070.0,30.0,0,1,W,N1
13,1,570,17100.0,30.0,1,1,N1,N1
13,1,571,17130.0,30.0,2,1,N2,N1
13,1,572,17160.0,30.0,2,1,N2,N1
13,1,573,17190.0,30.0,2,2,N2,N2
13,1,574,17220.0,30.0,2,2,N2,N2
13,1,575,17250.0,30.0,2,2,N2,N2
13,1,576,17280.0,30.0,2,2,N2,N2
13,1,577,17310.0,30.0,2,2,N2,N2
13,1,578,17340.0,30.0,2,2,N2,N2
13,1,579,17370.0,30.0,2,2,N2,N2
13,1,580,17400.0,30.0,2,2,N2,N2
13,1,581,17430.0,30.0,2,2,N2,N2
13,1,582,17460.0,30.0,2,2,N2,N2
13,1,583,17490.0,30.0,2,2,N2,N2
13,1,584,17520.0,30.0,2,2,N2,N2
13,1,585,17550.0,30.0,2,2,N2,N2
13,1,586,17580.0,30.0,2,1,N2,N1
13,1,587,17610.0,30.0,2,2,N2,N2
13,1,588,17640.0,30.0,2,2,N2,N2
13,1,589,17670.0,30.0,2,2,N2,N2
13,1,590,17700.0,30.0,2,2,N2,N2
13,1,591,17730.0,30.0,2,2,N2,N2
13,1,592,17760.0,30.0,2,2,N2,N2
13,1,593,17790.0,30.0,2,2,N2,N2
13,1,594,17820.0,30.0,2,2,N2,N2
13,1,595,17850.0,30.0,2,2,N2,N2
13,1,596,17880.0,30.0,2,2,N2,N2
13,1,597,17910.0,30.0,2,2,N2,N2
13,1,598,17940.0,30.0,2,2,N2,N2
13,1,599,17970.0,30.0,2,2,N2,N2
13,1,600,18000.0,30.0,2,2,N2,N2
13,1,601,18030.0,30.0,2,2,N2,N2
13,1,602,18060.0,30.0,2,2,N2,N2
13,1,603,18090.0,30.0,2,2,N2,N2
13,1,604,18120.0,30.0,2,2,N2,N2
13,1,605,18150.0,30.0,2,2,N2,N2
13,1,606,18180.0,30.0,2,2,N2,N2
13,1,607,18210.0,30.0,2,2,N2,N2
13,1,608,18240.0,30.0,2,2,N2,N2
13,1,609,18270.0,30.0,2,2,N2,N2
13,1,610,18300.0,30.0,2,2,N2,N2
13,1,611,18330.0,30.0,0,0,W,W
13,1,612,18360.0,30.0,0,1,W,N1
13,1,613,18390.0,30.0,1,1,N1,N1
13,1,614,18420.0,30.0,2,1,N2,N1
13,1,615,18450.0,30.0,2,1,N2,N1
13,1,616,18480.0,30.0,2,1,N2,N1
13,1,617,18510.0,30.0,2,2,N2,N2
13,1,618,18540.0,30.0,0,0,W,W
13,1,619,18570.0,30.0,1,1,N1,N1
13,1,620,18600.0,30.0,1,4,N1,REM
13,1,621,18630.0,30.0,1,1,N1,N1
13,1,622,18660.0,30.0,2,1,N2,N1
13,1,623,18690.0,30.0,2,1,N2,N1
13,1,624,18720.0,30.0,2,2,N2,N2
13,1,625,18750.0,30.0,2,1,N2,N1
13,1,626,18780.0,30.0,2,1,N2,N1
13,1,627,18810.0,30.0,2,2,N2,N2
13,1,628,18840.0,30.0,2,2,N2,N2
13,1,629,18870.0,30.0,2,2,N2,N2
13,1,630,18900.0,30.0,2,2,N2,N2
13,1,631,18930.0,30.0,2,2,N2,N2
13,1,632,18960.0,30.0,2,2,N2,N2
13,1,633,18990.0,30.0,2,2,N2,N2
13,1,634,19020.0,30.0,2,2,N2,N2
13,1,635,19050.0,30.0,2,2,N2,N2
13,1,636,19080.0,30.0,2,2,N2,N2
13,1,637,19110.0,30.0,2,2,N2,N2
13,1,638,19140.0,30.0,2,2,N2,N2
13,1,639,19170.0,30.0,0,1,W,N1
13,1,640,19200.0,30.0,0,0,W,W
13,1,641,19230.0,30.0,0,0,W,W
13,1,642,19260.0,30.0,0,1,W,N1
13,1,643,19290.0,30.0,0,1,W,N1
13,1,644,19320.0,30.0,1,1,N1,N1
13,1,645,19350.0,30.0,1,1,N1,N1
13,1,646,19380.0,30.0,1,1,N1,N1
13,1,647,19410.0,30.0,1,1,N1,N1
13,1,648,19440.0,30.0,2,1,N2,N1
13,1,649,19470.0,30.0,2,2,N2,N2
13,1,650,19500.0,30.0,2,2,N2,N2
13,1,651,19530.0,30.0,2,2,N2,N2
13,1,652,19560.0,30.0,2,2,N2,N2
13,1,653,19590.0,30.0,2,2,N2,N2
13,1,654,19620.0,30.0,2,2,N2,N2
13,1,655,19650.0,30.0,2,2,N2,N2
13,1,656,19680.0,30.0,2,2,N2,N2
13,1,657,19710.0,30.0,2,2,N2,N2
13,1,658,19740.0,30.0,2,2,N2,N2
13,1,659,19770.0,30.0,2,2,N2,N2
13,1,660,19800.0,30.0,2,2,N2,N2
13,1,661,19830.0,30.0,2,2,N2,N2
13,1,662,19860.0,30.0,2,2,N2,N2
13,1,663,19890.0,30.0,2,2,N2,N2
13,1,664,19920.0,30.0,2,2,N2,N2
13,1,665,19950.0,30.0,2,2,N2,N2
13,1,666,19980.0,30.0,2,2,N2,N2
13,1,667,20010.0,30.0,2,2,N2,N2
13,1,668,20040.0,30.0,2,2,N2,N2
13,1,669,20070.0,30.0,2,2,N2,N2
13,1,670,20100.0,30.0,2,2,N2,N2
13,1,671,20130.0,30.0,2,2,N2,N2
13,1,672,20160.0,30.0,2,2,N2,N2
13,1,673,20190.0,30.0,2,2,N2,N2
13,1,674,20220.0,30.0,2,2,N2,N2
13,1,675,20250.0,30.0,2,2,N2,N2
13,1,676,20280.0,30.0,2,2,N2,N2
13,1,677,20310.0,30.0,2,2,N2,N2
13,1,678,20340.0,30.0,2,2,N2,N2
13,1,679,20370.0,30.0,2,2,N2,N2
13,1,680,20400.0,30.0,2,2,N2,N2
13,1,681,20430.0,30.0,2,2,N2,N2
13,1,682,20460.0,30.0,2,2,N2,N2
13,1,683,20490.0,30.0,2,2,N2,N2
13,1,684,20520.0,30.0,2,2,N2,N2
13,1,685,20550.0,30.0,2,2,N2,N2
13,1,686,20580.0,30.0,0,0,W,W
13,1,687,20610.0,30.0,0,1,W,N1
13,1,688,20640.0,30.0,0,4,W,REM
13,1,689,20670.0,30.0,0,1,W,N1
13,1,690,20700.0,30.0,2,1,N2,N1
13,1,691,20730.0,30.0,2,2,N2,N2
13,1,692,20760.0,30.0,2,2,N2,N2
13,1,693,20790.0,30.0,2,2,N2,N2
13,1,694,20820.0,30.0,2,2,N2,N2
13,1,695,20850.0,30.0,2,2,N2,N2
13,1,696,20880.0,30.0,2,2,N2,N2
13,1,697,20910.0,30.0,2,2,N2,N2
13,1,698,20940.0,30.0,2,2,N2,N2
13,1,699,20970.0,30.0,2,2,N2,N2
13,1,700,21000.0,30.0,2,2,N2,N2
13,1,701,21030.0,30.0,2,2,N2,N2
13,1,702,21060.0,30.0,2,2,N2,N2
13,1,703,21090.0,30.0,2,2,N2,N2
13,1,704,21120.0,30.0,2,2,N2,N2
13,1,705,21150.0,30.0,2,2,N2,N2
13,1,706,21180.0,30.0,2,2,N2,N2
13,1,707,21210.0,30.0,2,4,N2,REM
13,1,708,21240.0,30.0,2,1,N2,N1
13,1,709,21270.0,30.0,4,4,REM,REM
13,1,710,21300.0,30.0,4,4,REM,REM
13,1,711,21330.0,30.0,4,4,REM,REM
13,1,712,21360.0,30.0,4,4,REM,REM
13,1,713,21390.0,30.0,4,4,REM,REM
13,1,714,21420.0,30.0,4,4,REM,REM
13,1,715,21450.0,30.0,4,4,REM,REM
13,1,716,21480.0,30.0,4,4,REM,REM
13,1,717,21510.0,30.0,4,4,REM,REM
13,1,718,21540.0,30.0,4,4,REM,REM
13,1,719,21570.0,30.0,4,4,REM,REM
13,1,720,21600.0,30.0,4,4,REM,REM
13,1,721,21630.0,30.0,4,4,REM,REM
13,1,722,21660.0,30.0,4,4,REM,REM
13,1,723,21690.0,30.0,4,4,REM,REM
13,1,724,21720.0,30.0,4,4,REM,REM
13,1,725,21750.0,30.0,4,4,REM,REM
13,1,726,21780.0,30.0,4,4,REM,REM
13,1,727,21810.0,30.0,4,4,REM,REM
13,1,728,21840.0,30.0,4,4,REM,REM
13,1,729,21870.0,30.0,4,4,REM,REM
13,1,730,21900.0,30.0,4,4,REM,REM
13,1,731,21930.0,30.0,4,4,REM,REM
13,1,732,21960.0,30.0,4,4,REM,REM
13,1,733,21990.0,30.0,4,4,REM,REM
13,1,734,22020.0,30.0,4,4,REM,REM
13,1,735,22050.0,30.0,4,4,REM,REM
13,1,736,22080.0,30.0,4,4,REM,REM
13,1,737,22110.0,30.0,4,4,REM,REM
13,1,738,22140.0,30.0,4,4,REM,REM
13,1,739,22170.0,30.0,4,4,REM,REM
13,1,740,22200.0,30.0,1,4,N1,REM
13,1,741,22230.0,30.0,1,4,N1,REM
13,1,742,22260.0,30.0,4,4,REM,REM
13,1,743,22290.0,30.0,1,1,N1,N1
13,1,744,22320.0,30.0,4,4,REM,REM
13,1,745,22350.0,30.0,4,4,REM,REM
13,1,746,22380.0,30.0,4,4,REM,REM
13,1,747,22410.0,30.0,4,4,REM,REM
13,1,748,22440.0,30.0,1,4,N1,REM
13,1,749,22470.0,30.0,4,4,REM,REM
13,1,750,22500.0,30.0,4,4,REM,REM
13,1,751,22530.0,30.0,4,4,REM,REM
13,1,752,22560.0,30.0,4,4,REM,REM
13,1,753,22590.0,30.0,4,4,REM,REM
13,1,754,22620.0,30.0,4,4,REM,REM
13,1,755,22650.0,30.0,4,4,REM,REM
13,1,756,22680.0,30.0,4,4,REM,REM
13,1,757,22710.0,30.0,4,4,REM,REM
13,1,758,22740.0,30.0,4,4,REM,REM
13,1,759,22770.0,30.0,4,4,REM,REM
13,1,760,22800.0,30.0,4,4,REM,REM
13,1,761,22830.0,30.0,4,4,REM,REM
13,1,762,22860.0,30.0,4,4,REM,REM
13,1,763,22890.0,30.0,4,4,REM,REM
13,1,764,22920.0,30.0,4,4,REM,REM
13,1,765,22950.0,30.0,4,4,REM,REM
13,1,766,22980.0,30.0,4,4,REM,REM
13,1,767,23010.0,30.0,4,4,REM,REM
13,1,768,23040.0,30.0,4,4,REM,REM
13,1,769,23070.0,30.0,4,4,REM,REM
13,1,770,23100.0,30.0,4,4,REM,REM
13,1,771,23130.0,30.0,4,4,REM,REM
13,1,772,23160.0,30.0,4,4,REM,REM
13,1,773,23190.0,30.0,4,4,REM,REM
13,1,774,23220.0,30.0,4,4,REM,REM
13,1,775,23250.0,30.0,4,4,REM,REM
13,1,776,23280.0,30.0,4,4,REM,REM
13,1,777,23310.0,30.0,4,4,REM,REM
13,1,778,23340.0,30.0,4,4,REM,REM
13,1,779,23370.0,30.0,4,4,REM,REM
13,1,780,23400.0,30.0,4,4,REM,REM
13,1,781,23430.0,30.0,4,4,REM,REM
13,1,782,23460.0,30.0,1,1,N1,N1
13,1,783,23490.0,30.0,4,4,REM,REM
13,1,784,23520.0,30.0,4,4,REM,REM
13,1,785,23550.0,30.0,4,4,REM,REM
13,1,786,23580.0,30.0,4,4,REM,REM
13,1,787,23610.0,30.0,4,4,REM,REM
13,1,788,23640.0,30.0,4,4,REM,REM
13,1,789,23670.0,30.0,4,4,REM,REM
13,1,790,23700.0,30.0,4,4,REM,REM
13,1,791,23730.0,30.0,4,4,REM,REM
13,1,792,23760.0,30.0,4,4,REM,REM
13,1,793,23790.0,30.0,4,4,REM,REM
13,1,794,23820.0,30.0,4,4,REM,REM
13,1,795,23850.0,30.0,4,4,REM,REM
13,1,796,23880.0,30.0,4,4,REM,REM
13,1,797,23910.0,30.0,4,4,REM,REM
13,1,798,23940.0,30.0,4,4,REM,REM
13,1,799,23970.0,30.0,2,4,N2,REM
13,1,800,24000.0,30.0,2,4,N2,REM
13,1,801,24030.0,30.0,2,4,N2,REM
13,1,802,24060.0,30.0,2,1,N2,N1
13,1,803,24090.0,30.0,2,4,N2,REM
13,1,804,24120.0,30.0,2,4,N2,REM
13,1,805,24150.0,30.0,4,4,REM,REM
13,1,806,24180.0,30.0,4,4,REM,REM
13,1,807,24210.0,30.0,4,4,REM,REM
13,1,808,24240.0,30.0,4,4,REM,REM
13,1,809,24270.0,30.0,4,4,REM,REM
13,1,810,24300.0,30.0,0,1,W,N1
13,1,811,24330.0,30.0,2,1,N2,N1
13,1,812,24360.0,30.0,2,4,N2,REM
13,1,813,24390.0,30.0,2,4,N2,REM
13,1,814,24420.0,30.0,2,4,N2,REM
13,1,815,24450.0,30.0,2,4,N2,REM
13,1,816,24480.0,30.0,2,4,N2,REM
13,1,817,24510.0,30.0,2,4,N2,REM
13,1,818,24540.0,30.0,2,2,N2,N2
13,1,819,24570.0,30.0,2,2,N2,N2
13,1,820,24600.0,30.0,2,2,N2,N2
13,1,821,24630.0,30.0,2,2,N2,N2
13,1,822,24660.0,30.0,2,2,N2,N2
13,1,823,24690.0,30.0,2,2,N2,N2
13,1,824,24720.0,30.0,2,4,N2,REM
13,1,825,24750.0,30.0,2,4,N2,REM
13,1,826,24780.0,30.0,2,2,N2,N2
13,1,827,24810.0,30.0,2,2,N2,N2
13,1,828,24840.0,30.0,2,2,N2,N2
13,1,829,24870.0,30.0,2,2,N2,N2
13,1,830,24900.0,30.0,2,2,N2,N2
13,1,831,24930.0,30.0,2,2,N2,N2
13,1,832,24960.0,30.0,2,2,N2,N2
13,1,833,24990.0,30.0,4,4,REM,REM
13,1,834,25020.0,30.0,2,2,N2,N2
13,1,835,25050.0,30.0,2,4,N2,REM
13,1,836,25080.0,30.0,2,2,N2,N2
13,1,837,25110.0,30.0,2,2,N2,N2
13,1,838,25140.0,30.0,2,2,N2,N2
13,1,839,25170.0,30.0,2,2,N2,N2
13,1,840,25200.0,30.0,2,2,N2,N2
13,1,841,25230.0,30.0,2,2,N2,N2
13,1,842,25260.0,30.0,2,2,N2,N2
13,1,843,25290.0,30.0,2,2,N2,N2
13,1,844,25320.0,30.0,2,2,N2,N2
13,1,845,25350.0,30.0,2,2,N2,N2
13,1,846,25380.0,30.0,2,4,N2,REM
13,1,847,25410.0,30.0,2,2,N2,N2
13,1,848,25440.0,30.0,2,2,N2,N2
13,1,849,25470.0,30.0,2,2,N2,N2
13,1,850,25500.0,30.0,2,2,N2,N2
13,1,851,25530.0,30.0,2,2,N2,N2
13,1,852,25560.0,30.0,2,2,N2,N2
13,1,853,25590.0,30.0,2,2,N2,N2
13,1,854,25620.0,30.0,2,2,N2,N2
13,1,855,25650.0,30.0,2,2,N2,N2
13,1,856,25680.0,30.0,2,2,N2,N2
13,1,857,25710.0,30.0,2,2,N2,N2
13,1,858,25740.0,30.0,2,2,N2,N2
13,1,859,25770.0,30.0,2,2,N2,N2
13,1,860,25800.0,30.0,2,2,N2,N2
13,1,861,25830.0,30.0,2,2,N2,N2
13,1,862,25860.0,30.0,2,2,N2,N2
13,1,863,25890.0,30.0,2,2,N2,N2
13,1,864,25920.0,30.0,2,2,N2,N2
13,1,865,25950.0,30.0,2,2,N2,N2
13,1,866,25980.0,30.0,2,2,N2,N2
13,1,867,26010.0,30.0,2,2,N2,N2
13,1,868,26040.0,30.0,2,2,N2,N2
13,1,869,26070.0,30.0,2,2,N2,N2
13,1,870,26100.0,30.0,2,2,N2,N2
13,1,871,26130.0,30.0,2,2,N2,N2
13,1,872,26160.0,30.0,2,2,N2,N2
13,1,873,26190.0,30.0,2,2,N2,N2
13,1,874,26220.0,30.0,2,2,N2,N2
13,1,875,26250.0,30.0,2,2,N2,N2
13,1,876,26280.0,30.0,2,2,N2,N2
13,1,877,26310.0,30.0,2,2,N2,N2
13,1,878,26340.0,30.0,2,2,N2,N2
13,1,879,26370.0,30.0,2,2,N2,N2
13,1,880,26400.0,30.0,2,2,N2,N2
13,1,881,26430.0,30.0,2,3,N2,N3
13,1,882,26460.0,30.0,2,2,N2,N2
13,1,883,26490.0,30.0,2,2,N2,N2
13,1,884,26520.0,30.0,2,2,N2,N2
13,1,885,26550.0,30.0,2,2,N2,N2
13,1,886,26580.0,30.0,2,2,N2,N2
13,1,887,26610.0,30.0,2,3,N2,N3
13,1,888,26640.0,30.0,2,2,N2,N2
13,1,889,26670.0,30.0,2,3,N2,N3
13,1,890,26700.0,30.0,2,2,N2,N2
13,1,891,26730.0,30.0,2,2,N2,N2
13,1,892,26760.0,30.0,2,2,N2,N2
13,1,893,26790.0,30.0,2,2,N2,N2
13,1,894,26820.0,30.0,2,3,N2,N3
13,1,895,26850.0,30.0,2,2,N2,N2
13,1,896,26880.0,30.0,2,2,N2,N2
13,1,897,26910.0,30.0,2,2,N2,N2
13,1,898,26940.0,30.0,2,2,N2,N2
13,1,899,26970.0,30.0,2,3,N2,N3
13,1,900,27000.0,30.0,2,2,N2,N2
13,1,901,27030.0,30.0,3,3,N3,N3
13,1,902,27060.0,30.0,2,3,N2,N3
13,1,903,27090.0,30.0,3,3,N3,N3
13,1,904,27120.0,30.0,3,3,N3,N3
13,1,905,27150.0,30.0,3,3,N3,N3
13,1,906,27180.0,30.0,3,3,N3,N3
13,1,907,27210.0,30.0,3,3,N3,N3
13,1,908,27240.0,30.0,2,3,N2,N3
13,1,909,27270.0,30.0,2,3,N2,N3
13,1,910,27300.0,30.0,3,3,N3,N3
13,1,911,27330.0,30.0,2,3,N2,N3
13,1,912,27360.0,30.0,2,3,N2,N3
13,1,913,27390.0,30.0,3,3,N3,N3
13,1,914,27420.0,30.0,2,3,N2,N3
13,1,915,27450.0,30.0,3,3,N3,N3
13,1,916,27480.0,30.0,2,3,N2,N3
13,1,917,27510.0,30.0,2,3,N2,N3
13,1,918,27540.0,30.0,2,3,N2,N3
13,1,919,27570.0,30.0,3,3,N3,N3
13,1,920,27600.0,30.0,2,3,N2,N3
13,1,921,27630.0,30.0,2,3,N2,N3
13,1,922,27660.0,30.0,2,3,N2,N3
13,1,923,27690.0,30.0,2,3,N2,N3
13,1,924,27720.0,30.0,2,2,N2,N2
13,1,925,27750.0,30.0,2,3,N2,N3
13,1,926,27780.0,30.0,2,3,N2,N3
13,1,927,27810.0,30.0,2,3,N2,N3
13,1,928,27840.0,30.0,2,3,N2,N3
13,1,929,27870.0,30.0,2,3,N2,N3
13,1,930,27900.0,30.0,2,3,N2,N3
13,1,931,27930.0,30.0,0,0,W,W
13,1,932,27960.0,30.0,0,0,W,W
13,1,933,27990.0,30.0,0,0,W,W
13,1,934,28020.0,30.0,0,0,W,W
13,1,935,28050.0,30.0,1,1,N1,N1
13,1,936,28080.0,30.0,1,1,N1,N1
13,1,937,28110.0,30.0,2,1,N2,N1
13,1,938,28140.0,30.0,2,1,N2,N1
13,1,939,28170.0,30.0,2,1,N2,N1
13,1,940,28200.0,30.0,2,1,N2,N1
13,1,941,28230.0,30.0,2,1,N2,N1
13,1,942,28260.0,30.0,2,1,N2,N1
13,1,943,28290.0,30.0,2,4,N2,REM
13,1,944,28320.0,30.0,2,1,N2,N1
13,1,945,28350.0,30.0,2,2,N2,N2
13,1,946,28380.0,30.0,2,2,N2,N2
13,1,947,28410.0,30.0,2,2,N2,N2
13,1,948,28440.0,30.0,2,2,N2,N2
13,1,949,28470.0,30.0,2,2,N2,N2
13,1,950,28500.0,30.0,2,1,N2,N1
13,1,951,28530.0,30.0,2,2,N2,N2
13,1,952,28560.0,30.0,2,2,N2,N2
13,1,953,28590.0,30.0,2,2,N2,N2
13,1,954,28620.0,30.0,2,2,N2,N2
13,1,955,28650.0,30.0,2,2,N2,N2
13,1,956,28680.0,30.0,2,2,N2,N2
13,1,957,28710.0,30.0,2,2,N2,N2
13,1,958,28740.0,30.0,2,2,N2,N2
13,1,959,28770.0,30.0,2,4,N2,REM
13,1,960,28800.0,30.0,2,4,N2,REM
13,1,961,28830.0,30.0,2,4,N2,REM
13,1,962,28860.0,30.0,0,4,W,REM
13,1,963,28890.0,30.0,1,1,N1,N1
13,1,964,28920.0,30.0,2,4,N2,REM
13,1,965,28950.0,30.0,2,4,N2,REM
13,1,966,28980.0,30.0,2,4,N2,REM
13,1,967,29010.0,30.0,2,4,N2,REM
13,1,968,29040.0,30.0,0,0,W,W
13,1,969,29070.0,30.0,0,0,W,W
13,1,970,29100.0,30.0,0,0,W,W
13,1,971,29130.0,30.0,0,0,W,W
13,1,972,29160.0,30.0,0,0,W,W
13,1,973,29190.0,30.0,0,0,W,W
13,1,974,29220.0,30.0,0,0,W,W
13,1,975,29250.0,30.0,0,0,W,W
13,1,976,29280.0,30.0,0,0,W,W
13,1,977,29310.0,30.0,0,0,W,W
13,1,978,29340.0,30.0,0,0,W,W
13,1,979,29370.0,30.0,0,0,W,W
13,1,980,29400.0,30.0,0,0,W,W
13,1,981,29430.0,30.0,0,0,W,W
13,1,982,29460.0,30.0,0,0,W,W
13,1,983,29490.0,30.0,0,0,W,W
13,1,984,29520.0,30.0,0,0,W,W
13,1,985,29550.0,30.0,0,0,W,W
13,1,986,29580.0,30.0,0,0,W,W
13,1,987,29610.0,30.0,0,0,W,W
13,1,988,29640.0,30.0,0,0,W,W
13,1,989,29670.0,30.0,0,0,W,W
13,1,990,29700.0,30.0,0,0,W,W
13,1,991,29730.0,30.0,0,0,W,W
13,1,992,29760.0,30.0,0,0,W,W
13,1,993,29790.0,30.0,0,0,W,W
13,1,994,29820.0,30.0,0,0,W,W
13,1,995,29850.0,30.0,0,0,W,W
13,1,996,29880.0,30.0,0,0,W,W
13,1,997,29910.0,30.0,0,0,W,W
13,1,998,29940.0,30.0,0,0,W,W
13,1,999,29970.0,30.0,0,0,W,W
13,1,1000,30000.0,30.0,0,0,W,W
13,1,1001,30030.0,30.0,0,0,W,W
13,1,1002,30060.0,30.0,0,0,W,W
13,1,1003,30090.0,30.0,0,0,W,W
13,1,1004,30120.0,30.0,0,0,W,W
13,1,1005,30150.0,30.0,0,0,W,W
13,1,1006,30180.0,30.0,0,0,W,W
13,1,1007,30210.0,30.0,0,0,W,W
13,1,1008,30240.0,30.0,0,0,W,W
13,1,1009,30270.0,30.0,0,0,W,W
13,1,1010,30300.0,30.0,0,0,W,W
13,1,1011,30330.0,30.0,0,0,W,W
13,1,1012,30360.0,30.0,0,0,W,W
13,1,1013,30390.0,30.0,0,0,W,W
13,1,1014,30420.0,30.0,0,0,W,W
13,1,1015,30450.0,30.0,0,0,W,W
13,1,1016,30480.0,30.0,0,0,W,W
13,1,1017,30510.0,30.0,0,0,W,W
13,1,1018,30540.0,30.0,0,0,W,W
13,1,1019,30570.0,30.0,0,0,W,W
13,1,1020,30600.0,30.0,0,0,W,W
13,1,1021,30630.0,30.0,0,0,W,W
13,1,1022,30660.0,30.0,0,0,W,W
13,1,1023,30690.0,30.0,0,0,W,W
13,1,1024,30720.0,30.0,0,0,W,W
13,1,1025,30750.0,30.0,0,0,W,W
13,1,1026,30780.0,30.0,0,0,W,W
13,1,1027,30810.0,30.0,0,0,W,W